{
  "timestamp": "2025-07-12T02:00:50.374316",
  "spot_rates": {
    "EURUSD": {
      "spot": 1.1689,
      "bid": 1.1684,
      "ask": 1.1694,
      "mid": 1.1689
    },
    "GBPUSD": {
      "spot": 1.3493,
      "bid": 1.3482,
      "ask": 1.3505,
      "mid": 1.34935
    },
    "USDJPY": {
      "spot": 147.43,
      "bid": 147.37,
      "ask": 147.49,
      "mid": 147.43
    },
    "AUDUSD": {
      "spot": 0.6578,
      "bid": 0.6572,
      "ask": 0.6585,
      "mid": 0.65785
    },
    "USDCAD": {
      "spot": 1.3692,
      "bid": 1.3682,
      "ask": 1.3701,
      "mid": 1.36915
    },
    "USDCHF": {
      "spot": 0.7966,
      "bid": 0.7955,
      "ask": 0.7978,
      "mid": 0.79665
    }
  },
  "atm_vols": {
    "EURUSD": {
      "1W": {
        "vol": 7.55,
        "bid": 6.88,
        "ask": 8.22,
        "mid": 7.55
      },
      "2W": {
        "vol": 7.5325,
        "bid": 7.095,
        "ask": 7.97,
        "mid": 7.5325
      },
      "1M": {
        "vol": 7.6375,
        "bid": 7.485,
        "ask": 7.79,
        "mid": 7.6375
      },
      "2M": {
        "vol": 7.6175,
        "bid": 7.51,
        "ask": 7.725,
        "mid": 7.6175
      },
      "3M": {
        "vol": 7.5175,
        "bid": 7.41,
        "ask": 7.625,
        "mid": 7.5175
      },
      "6M": {
        "vol": 7.47,
        "bid": 7.365,
        "ask": 7.575,
        "mid": 7.47
      },
      "9M": {
        "vol": 7.48,
        "bid": 7.375,
        "ask": 7.585,
        "mid": 7.48
      },
      "1Y": {
        "vol": 7.495,
        "bid": 7.39,
        "ask": 7.6,
        "mid": 7.495
      }
    },
    "GBPUSD": {
      "1W": {
        "vol": 7.855,
        "bid": 7.205,
        "ask": 8.505,
        "mid": 7.855
      },
      "2W": {
        "vol": 7.5525,
        "bid": 6.825,
        "ask": 8.28,
        "mid": 7.5525
      },
      "1M": {
        "vol": 7.77,
        "bid": 7.525,
        "ask": 8.015,
        "mid": 7.77
      },
      "2M": {
        "vol": 7.7525,
        "bid": 7.535,
        "ask": 7.97,
        "mid": 7.7525
      },
      "3M": {
        "vol": 7.7575,
        "bid": 7.54,
        "ask": 7.975,
        "mid": 7.7575
      },
      "6M": {
        "vol": 7.8675,
        "bid": 7.635,
        "ask": 8.1,
        "mid": 7.8675
      },
      "9M": {
        "vol": 7.9825,
        "bid": 7.775,
        "ask": 8.19,
        "mid": 7.9825
      },
      "1Y": {
        "vol": 8.085,
        "bid": 7.88,
        "ask": 8.29,
        "mid": 8.085
      }
    },
    "USDJPY": {
      "1W": {
        "vol": 8.6925,
        "bid": 7.7,
        "ask": 9.685,
        "mid": 8.6925
      },
      "2W": {
        "vol": 9.515,
        "bid": 8.89,
        "ask": 10.14,
        "mid": 9.515
      },
      "1M": {
        "vol": 9.945,
        "bid": 9.545,
        "ask": 10.345,
        "mid": 9.945
      },
      "2M": {
        "vol": 9.9175,
        "bid": 9.655,
        "ask": 10.18,
        "mid": 9.9175
      },
      "3M": {
        "vol": 9.935,
        "bid": 9.66,
        "ask": 10.21,
        "mid": 9.935
      },
      "6M": {
        "vol": 9.9625,
        "bid": 9.7,
        "ask": 10.225,
        "mid": 9.9625
      },
      "9M": {
        "vol": 9.9475,
        "bid": 9.685,
        "ask": 10.21,
        "mid": 9.9475
      },
      "1Y": {
        "vol": 9.9175,
        "bid": 9.655,
        "ask": 10.18,
        "mid": 9.9175
      }
    },
    "AUDUSD": {
      "1W": {
        "vol": 8.2275,
        "bid": 7.09,
        "ask": 9.365,
        "mid": 8.2275
      },
      "2W": {
        "vol": 8.255,
        "bid": 7.46,
        "ask": 9.05,
        "mid": 8.255
      },
      "1M": {
        "vol": 9.03,
        "bid": 8.605,
        "ask": 9.455,
        "mid": 9.03
      },
      "2M": {
        "vol": 9.15,
        "bid": 8.775,
        "ask": 9.525,
        "mid": 9.15
      },
      "3M": {
        "vol": 9.2625,
        "bid": 8.9,
        "ask": 9.625,
        "mid": 9.2625
      },
      "6M": {
        "vol": 9.545,
        "bid": 9.17,
        "ask": 9.92,
        "mid": 9.545
      },
      "9M": {
        "vol": 9.765,
        "bid": 9.415,
        "ask": 10.115,
        "mid": 9.765
      },
      "1Y": {
        "vol": 9.9275,
        "bid": 9.565,
        "ask": 10.29,
        "mid": 9.9275
      }
    },
    "USDCAD": {
      "1W": {
        "vol": 5.225,
        "bid": 4.75,
        "ask": 5.7,
        "mid": 5.225
      },
      "2W": {
        "vol": 5.1925,
        "bid": 4.815,
        "ask": 5.57,
        "mid": 5.1925
      },
      "1M": {
        "vol": 5.45,
        "bid": 5.3,
        "ask": 5.6,
        "mid": 5.45
      },
      "2M": {
        "vol": 5.4675,
        "bid": 5.33,
        "ask": 5.605,
        "mid": 5.4675
      },
      "3M": {
        "vol": 5.525,
        "bid": 5.4,
        "ask": 5.65,
        "mid": 5.525
      },
      "6M": {
        "vol": 5.5425,
        "bid": 5.43,
        "ask": 5.655,
        "mid": 5.5425
      },
      "9M": {
        "vol": 5.6075,
        "bid": 5.51,
        "ask": 5.705,
        "mid": 5.6075
      },
      "1Y": {
        "vol": 5.6475,
        "bid": 5.54,
        "ask": 5.755,
        "mid": 5.6475
      }
    },
    "USDCHF": {
      "1W": {
        "vol": 7.53,
        "bid": 7.055,
        "ask": 8.005,
        "mid": 7.53
      },
      "2W": {
        "vol": 7.66,
        "bid": 7.285,
        "ask": 8.035,
        "mid": 7.66
      },
      "1M": {
        "vol": 7.9125,
        "bid": 7.675,
        "ask": 8.15,
        "mid": 7.9125
      },
      "2M": {
        "vol": 8.0375,
        "bid": 7.825,
        "ask": 8.25,
        "mid": 8.0375
      },
      "3M": {
        "vol": 8.1025,
        "bid": 7.89,
        "ask": 8.315,
        "mid": 8.1025
      },
      "6M": {
        "vol": 8.1425,
        "bid": 7.93,
        "ask": 8.355,
        "mid": 8.1425
      },
      "9M": {
        "vol": 8.2275,
        "bid": 8.015,
        "ask": 8.44,
        "mid": 8.2275
      },
      "1Y": {
        "vol": 8.3075,
        "bid": 8.095,
        "ask": 8.52,
        "mid": 8.3075
      }
    }
  },
  "risk_reversals": {
    "EURUSD": {
      "10D": {
        "1M": {
          "rr": -0.1425,
          "bid": -0.325,
          "ask": 0.04,
          "mid": -0.1425
        },
        "3M": {
          "rr": 0.2175,
          "bid": 0.09,
          "ask": 0.345,
          "mid": 0.2175
        },
        "6M": {
          "rr": 0.5225,
          "bid": 0.395,
          "ask": 0.65,
          "mid": 0.5225
        },
        "1Y": {
          "rr": 0.7825,
          "bid": 0.655,
          "ask": 0.91,
          "mid": 0.7825
        }
      },
      "25D": {
        "1M": {
          "rr": -0.045,
          "bid": -0.15,
          "ask": 0.06,
          "mid": -0.045
        },
        "3M": {
          "rr": 0.12,
          "bid": 0.045,
          "ask": 0.195,
          "mid": 0.12
        },
        "6M": {
          "rr": 0.285,
          "bid": 0.21,
          "ask": 0.36,
          "mid": 0.285
        },
        "1Y": {
          "rr": 0.425,
          "bid": 0.35,
          "ask": 0.5,
          "mid": 0.425
        }
      }
    },
    "GBPUSD": {
      "10D": {
        "1M": {
          "rr": -1.325,
          "bid": -1.62,
          "ask": -1.03,
          "mid": -1.325
        },
        "3M": {
          "rr": -1.4125,
          "bid": -1.675,
          "ask": -1.15,
          "mid": -1.4125
        },
        "6M": {
          "rr": -1.4775,
          "bid": -1.755,
          "ask": -1.2,
          "mid": -1.4775
        },
        "1Y": {
          "rr": -1.625,
          "bid": -1.87,
          "ask": -1.38,
          "mid": -1.625
        }
      },
      "25D": {
        "1M": {
          "rr": -0.7025,
          "bid": -0.875,
          "ask": -0.53,
          "mid": -0.7025
        },
        "3M": {
          "rr": -0.7325,
          "bid": -0.885,
          "ask": -0.58,
          "mid": -0.7325
        },